,img_coding,num_stage,num_cell,start_cell_dim,parameter_num,train_time,test_time,total_time,mac
0,"['rp', 'rerp', 'gad', 'regad', 'trgad', 'remk', 'trmk']",3,2,50,1769776,40.27225971221924,0.08641433715820312,40.35867404937744,52.7 MMac
1,"['rp', 'rerp', 'trrp', 'gas', 'regad', 'trgad', 'mk', 'trmk']",3,2,29,645736,2.7477025985717773,0.12642216682434082,2.874124765396118,20.59 MMac
2,"['regas', 'trgas', 'gad', 'remk', 'ctwav']",2,3,70,1120228,2.5920629501342773,0.10727047920227051,2.699333429336548,89.57 MMac
3,"['rp', 'rerp', 'trrp', 'regas', 'trgad', 'ctwav']",2,2,63,672930,1.9221305847167969,0.08143401145935059,2.0035645961761475,54.74 MMac
4,"['gas', 'trgas', 'gad', 'regad', 'mk', 'remk', 'trmk']",4,1,22,863122,2.8636693954467773,0.11434650421142578,2.978015899658203,9.81 MMac
5,"['trrp', 'trgas', 'regad', 'trmk']",2,3,43,447141,1.526951789855957,0.10929298400878906,1.636244773864746,36.19 MMac
6,"['rp', 'rerp', 'regas', 'regad', 'mk', 'ctwav']",2,3,24,139208,1.6708135604858398,0.12293720245361328,1.7937507629394531,12.13 MMac
7,"['trgas', 'trgad', 'mk', 'trmk']",2,3,86,1678914,6.094193458557129,0.12729430198669434,6.221487760543823,132.5 MMac
8,"['rp', 'rerp', 'gas', 'trmk']",3,1,58,1442911,4.618585109710693,0.10703492164611816,4.7256200313568115,41.44 MMac
9,"['trrp', 'regas', 'trgas', 'gad', 'regad', 'trgad', 'mk', 'remk', 'ctwav']",2,2,16,49242,1.1130332946777344,0.12453460693359375,1.2375679016113281,5.09 MMac
10,"['rp', 'trrp', 'regas', 'gad', 'regad', 'trgad', 'mk', 'trmk']",3,1,25,299983,1.1502385139465332,0.11158180236816406,1.2618203163146973,10.48 MMac
11,"['rp', 'gas', 'regas', 'regad', 'trgad', 'remk', 'trmk']",3,3,47,2266478,8.269429206848145,0.20328378677368164,8.472712993621826,66.86 MMac
12,"['rerp', 'trrp', 'trgas', 'gad', 'mk', 'ctwav']",2,2,90,1315666,5.021059513092041,0.11551332473754883,5.13657283782959,105.01 MMac
13,"['rp', 'trgad', 'mk', 'remk', 'ctwav']",2,1,77,589662,1.5366077423095703,0.06893563270568848,1.6055433750152588,47.16 MMac
14,"['rerp', 'trrp', 'gas', 'regas', 'trgas', 'gad', 'regad', 'trmk']",3,2,33,826490,3.5228490829467773,0.1368257999420166,3.659674882888794,25.92 MMac
15,"['rerp', 'regas', 'trgas', 'regad', 'mk', 'remk', 'trmk']",3,2,13,144754,2.2969841957092285,0.1522045135498047,2.449188709259033,5.18 MMac
16,"['rp', 'trrp', 'regad', 'remk', 'ctwav']",2,1,52,267477,0.922846794128418,0.06005048751831055,0.9828972816467285,22.18 MMac
17,"['rerp', 'trrp', 'regas', 'trgas', 'trgad', 'remk', 'trmk']",2,1,75,568007,1.7263174057006836,0.07395672798156738,1.800274133682251,46.82 MMac
18,"['rerp', 'trrp', 'gas', 'trgas', 'regad', 'trgad', 'mk', 'remk', 'ctwav']",4,3,17,1305941,12.659811973571777,0.27726054191589355,12.937072515487671,14.31 MMac
19,"['rerp', 'trgas', 'gad', 'regad', 'trgad', 'ctwav']",2,1,39,163072,1.0555744171142578,0.07532453536987305,1.1308989524841309,14.27 MMac
20,"['rp', 'rerp', 'trrp', 'trgas', 'remk', 'trmk', 'ctwav']",4,3,13,792432,6.009030342102051,0.25500011444091797,6.264030456542969,8.73 MMac
21,"['gas', 'regas', 'gad', 'regad', 'trgad', 'mk']",3,2,54,2059048,6.080567836761475,0.15924811363220215,6.239815950393677,60.34 MMac
22,"['rp', 'rerp', 'gas', 'trgas', 'gad', 'mk', 'trmk', 'ctwav']",2,1,35,136901,0.7617592811584473,0.08249640464782715,0.8442556858062744,12.76 MMac
23,"['trrp', 'gas', 'trgad', 'mk', 'remk', 'trmk', 'ctwav']",2,1,48,233750,0.7750511169433594,0.08687353134155273,0.8619246482849121,20.36 MMac
24,"['rp', 'rerp', 'trrp', 'gas', 'regas', 'trgas', 'regad', 'mk', 'remk']",2,1,68,464289,0.8766412734985352,0.08782362937927246,0.9644649028778076,39.87 MMac
25,"['gad', 'trgad', 'trmk', 'ctwav']",4,2,27,2261688,7.802939414978027,0.1912374496459961,7.994176864624023,22.4 MMac
26,"['gas', 'regad', 'remk', 'trmk', 'ctwav']",2,1,81,650405,1.9098997116088867,0.07884979248046875,1.9887495040893555,51.83 MMac
27,"['rp', 'rerp', 'trrp', 'regas', 'trgas', 'gad', 'trgad', 'mk']",3,2,40,1139542,3.779935836791992,0.1562178134918213,3.9361536502838135,35.06 MMac
28,"['rp', 'rerp', 'gas', 'regas', 'trgas', 'trgad', 'remk']",3,1,19,179057,1.5336990356445312,0.10996437072753906,1.6436634063720703,6.45 MMac
29,"['trrp', 'gas', 'regas', 'gad']",3,1,32,444218,1.0628104209899902,0.08270835876464844,1.1455187797546387,13.46 MMac
30,"['rp', 'rerp', 'trrp', 'gas', 'trgas', 'gad', 'regad', 'trgad', 'trmk', 'ctwav']",2,2,95,1513586,4.3773651123046875,0.1343233585357666,4.511688470840454,123.73 MMac
31,"['rerp', 'regad', 'trgad', 'mk']",3,1,63,1754738,3.8851261138916016,0.10362863540649414,3.9887547492980957,50.07 MMac
32,"['rp', 'trrp', 'gas', 'regas', 'trgas', 'gad', 'remk', 'trmk', 'ctwav']",2,2,20,74192,1.4166951179504395,0.1220862865447998,1.5387814044952393,7.32 MMac
33,"['rerp', 'gas', 'regas', 'trgad', 'trmk', 'ctwav']",2,3,29,213968,2.035224437713623,0.13186883926391602,2.167093276977539,18.24 MMac
34,"['rp', 'gas', 'trgas', 'regad']",2,3,93,2002788,5.835628509521484,0.1281752586364746,5.963803768157959,157.69 MMac
35,"['rerp', 'trrp', 'gas', 'regas', 'regad', 'mk', 'trmk', 'ctwav']",2,2,58,560310,2.6024818420410156,0.11589312553405762,2.7183749675750732,46.9 MMac
36,"['rp', 'trgas', 'gad', 'trgad', 'remk']",3,1,15,114606,1.459956169128418,0.1052088737487793,1.5651650428771973,4.04 MMac
37,"['rp', 'trrp', 'gas', 'trgas', 'trgad', 'mk']",2,3,36,305147,2.07827091217041,0.13469314575195312,2.2129640579223633,25.58 MMac
38,"['rerp', 'gas', 'gad', 'mk', 'remk']",3,2,45,1495622,7.7259063720703125,0.15493345260620117,7.880839824676514,43.83 MMac
39,"['rerp', 'trrp']",3,2,23,409406,2.219259738922119,0.1338052749633789,2.353065013885498,11.93 MMac
40,"['rp', 'gas', 'regas', 'trgas', 'gad', 'regad', 'trgad', 'mk', 'remk', 'trmk', 'ctwav']",2,3,67,1078295,5.973458290100098,0.17219924926757812,6.145657539367676,89.81 MMac
41,"['rp', 'trrp', 'regas', 'regad', 'remk', 'ctwav']",3,2,32,730322,3.6875009536743164,0.15128827095031738,3.838789224624634,22.38 MMac
42,"['rerp', 'trrp', 'trgas', 'trgad', 'remk', 'trmk']",2,3,94,2012000,6.322038173675537,0.13529419898986816,6.457332372665405,160.05 MMac
43,"['rp', 'gas', 'regas', 'gad', 'regad', 'mk', 'ctwav']",3,2,53,2061694,6.0898661613464355,0.15382790565490723,6.243694067001343,61.02 MMac
44,"['rp', 'gad', 'trmk']",2,2,81,1083016,2.4056434631347656,0.0961763858795166,2.5018198490142822,84.74 MMac
45,"['rerp', 'regas', 'trgas', 'gad', 'regad', 'trgad', 'ctwav']",3,3,19,401727,2.765381336212158,0.182542085647583,2.947923421859741,12.9 MMac
46,"['rp', 'trrp', 'gad', 'regad', 'trgad', 'mk', 'trmk']",2,3,48,537662,3.40576171875,0.13387322425842285,3.539634943008423,44.57 MMac
47,"['rp', 'gas', 'regad', 'trgad', 'remk', 'trmk']",4,1,27,1391707,3.37679386138916,0.12570405006408691,3.502497911453247,14.79 MMac
48,"['rerp', 'trrp', 'regas', 'trgas', 'gad', 'mk', 'ctwav']",2,3,68,1064967,3.2761335372924805,0.1355438232421875,3.411677360534668,86.39 MMac
49,"['rerp', 'trrp', 'gas', 'trgas', 'gad', 'regad', 'trmk']",4,1,14,352924,1.6279816627502441,0.10932326316833496,1.737304925918579,4.47 MMac
50,"['rerp', 'trgas', 'regad', 'mk', 'remk', 'trmk']",2,2,35,219260,1.428985595703125,0.10039091110229492,1.52937650680542,18.72 MMac
51,"['rp', 'rerp', 'regad', 'mk', 'ctwav']",3,1,44,836299,2.4851322174072266,0.10405158996582031,2.589183807373047,25.03 MMac
52,"['regas', 'trgas', 'trgad', 'mk', 'trmk']",2,2,66,711316,2.6328325271606445,0.10493755340576172,2.7377700805664062,57.21 MMac
53,"['rp', 'rerp', 'trrp', 'gas', 'gad', 'regad', 'remk', 'ctwav']",3,3,22,485480,2.839481830596924,0.17057538032531738,3.010057210922241,15.64 MMac
54,"['gas', 'trgas', 'regad', 'trgad', 'ctwav']",3,2,15,186202,2.1566271781921387,0.12439584732055664,2.2810230255126953,6.13 MMac
55,"['rp', 'rerp', 'trrp', 'regas', 'gad', 'mk', 'remk', 'trmk']",2,1,59,362087,0.9752631187438965,0.0911245346069336,1.06638765335083,31.13 MMac
56,"['trrp', 'trgas', 'gad', 'regad', 'trgad', 'mk', 'remk', 'ctwav']",3,1,36,567713,2.7011632919311523,0.1053614616394043,2.8065247535705566,18.58 MMac
57,"['rp', 'rerp', 'regas', 'gad', 'regad', 'trgad', 'remk', 'trmk']",2,1,28,85647,0.9196162223815918,0.07295536994934082,0.9925715923309326,8.39 MMac
58,"['trgas', 'gad', 'remk', 'ctwav']",2,1,93,845884,1.8451213836669922,0.07240939140319824,1.9175307750701904,65.96 MMac
59,"['trrp', 'regas', 'trgas', 'regad', 'trmk']",2,1,20,43357,0.9134411811828613,0.06950950622558594,0.9829506874084473,4.14 MMac
60,"['rp', 'trrp', 'gas', 'regas', 'trgas', 'trgad', 'mk']",2,1,16,30302,0.8668661117553711,0.06955671310424805,0.9364228248596191,3.28 MMac
61,"['rerp', 'gas', 'regas', 'gad', 'mk', 'remk']",2,1,25,72093,1.0108232498168945,0.08243989944458008,1.0932631492614746,6.78 MMac
62,"['rp', 'gas', 'trgas', 'gad', 'regad', 'trgad', 'mk', 'remk', 'trmk', 'ctwav']",2,1,87,768836,1.6264915466308594,0.07892537117004395,1.7054169178009033,64.76 MMac
63,"['rp', 'trgas', 'mk', 'trmk', 'ctwav']",3,2,21,347810,2.082502841949463,0.14862823486328125,2.231131076812744,10.93 MMac
64,"['rerp', 'trrp', 'gas', 'regas', 'gad', 'regad', 'trgad', 'remk']",2,1,63,410034,0.7208824157714844,0.06777501106262207,0.7886574268341064,34.96 MMac
65,"['rp', 'trrp', 'gas', 'trgas', 'gad', 'remk', 'trmk', 'ctwav']",3,1,42,768843,2.7623653411865234,0.1034548282623291,2.8658201694488525,24.52 MMac
66,"['rerp', 'gas', 'trgad', 'trmk', 'ctwav']",3,1,51,1164321,2.6177406311035156,0.11170244216918945,2.729443073272705,34.28 MMac
67,"['rp', 'gas', 'regas', 'trgas', 'regad']",2,2,71,844526,2.681279182434082,0.11020588874816895,2.791485071182251,67.58 MMac
68,"['rerp', 'trrp', 'gad', 'trgad', 'mk', 'remk', 'trmk', 'ctwav']",3,3,29,894578,4.439806938171387,0.20743131637573242,4.647238254547119,27.74 MMac
69,"['rp', 'rerp', 'trrp', 'trgas', 'gad', 'trgad', 'mk']",4,1,17,579975,3.072524070739746,0.12692975997924805,3.199453830718994,6.89 MMac
70,"['rp', 'rerp', 'gas', 'trgas', 'trgad', 'remk']",2,2,38,243296,1.5700697898864746,0.09642481803894043,1.666494607925415,20.67 MMac
71,"['trrp', 'gas', 'gad']",2,3,52,618659,3.0278682708740234,0.09916043281555176,3.127028703689575,49.23 MMac
72,"['mk', 'remk']",4,1,31,1808634,4.241681098937988,0.12723350524902344,4.368914604187012,17.33 MMac
73,"['rp', 'rerp', 'trrp', 'gas', 'regas', 'trgas', 'gad', 'regad', 'trgad', 'trmk', 'ctwav']",2,3,75,1340737,4.757165908813477,0.15665555000305176,4.913821458816528,110.77 MMac
74,"['rp', 'rerp', 'trrp', 'regas', 'trgas', 'remk', 'trmk', 'ctwav']",3,1,33,507341,2.1314144134521484,0.09146976470947266,2.222884178161621,16.78 MMac
75,"['gas', 'gad', 'regad', 'trgad', 'mk']",2,2,77,988534,2.3235559463500977,0.08434867858886719,2.407904624938965,78.82 MMac
76,"['rp', 'rerp', 'gas', 'regas', 'trgas', 'gad', 'mk', 'trmk', 'ctwav']",2,3,12,39257,1.7430543899536133,0.13197612762451172,1.875030517578125,4.05 MMac
77,"['trrp', 'gas', 'regas', 'trgad', 'mk', 'remk', 'trmk', 'ctwav']",3,2,26,487254,1.6748785972595215,0.131575345993042,1.8064539432525635,15.87 MMac
78,"['rp', 'rerp', 'trrp', 'gas', 'trgas', 'regad', 'mk', 'remk']",2,3,91,1937729,5.45046329498291,0.14068388938903809,5.591147184371948,155.8 MMac
79,"['regas', 'gad', 'trgad', 'trmk', 'ctwav']",3,2,47,1627658,5.679559707641602,0.14269590377807617,5.822255611419678,47.56 MMac
80,"['gas', 'regad', 'trgad', 'mk', 'remk', 'trmk', 'ctwav']",2,3,93,2016606,4.906582832336426,0.13794970512390137,5.044532537460327,161.23 MMac
81,"['rp', 'rerp', 'trrp', 'regas', 'trgas', 'gad']",3,2,49,1767326,5.378115177154541,0.15052151679992676,5.528636693954468,52.07 MMac
82,"['rp', 'rerp', 'gas', 'regas', 'trgas', 'mk', 'remk']",3,2,27,562452,3.6347389221191406,0.1579420566558838,3.7926809787750244,17.81 MMac
83,"['trrp', 'gas', 'regas', 'gad', 'trgad', 'mk']",3,3,21,483324,3.0718564987182617,0.1633303165435791,3.235186815261841,15.09 MMac
84,"['rp', 'rerp', 'trrp', 'gas', 'trgas', 'gad', 'regad', 'mk', 'trmk', 'ctwav']",2,2,86,1219696,3.6980509757995605,0.13382267951965332,3.831873655319214,100.54 MMac
85,"['rp', 'rerp', 'trrp', 'trgas', 'trgad', 'mk', 'remk', 'trmk', 'ctwav']",4,1,22,865278,2.750873565673828,0.1934654712677002,2.9443390369415283,10.36 MMac
86,"['gas', 'regas', 'gad', 'regad']",2,2,66,708082,2.235245704650879,0.0985865592956543,2.333832263946533,56.38 MMac
87,"['rp', 'rerp', 'gas', 'trgas', 'gad', 'trgad', 'trmk', 'ctwav']",2,3,43,455765,2.0076870918273926,0.13963890075683594,2.1473259925842285,38.39 MMac
88,"['trrp', 'gas', 'remk', 'trmk', 'ctwav']",2,3,37,336956,2.0766496658325195,0.11022043228149414,2.1868700981140137,27.83 MMac
89,"['gad', 'mk', 'trmk', 'ctwav']",4,2,15,743658,5.503940582275391,0.17717528343200684,5.6811158657073975,7.78 MMac
90,"['rerp', 'trrp', 'gas', 'regas', 'regad', 'trgad', 'trmk', 'ctwav']",2,2,68,764628,2.7042388916015625,0.11345696449279785,2.8176958560943604,63.13 MMac
91,"['rp', 'trgas', 'gad', 'mk', 'remk']",3,3,26,670703,4.62038516998291,0.1824784278869629,4.802863597869873,20.29 MMac
92,"['rp', 'trrp', 'gas', 'trgas']",3,1,48,991190,2.42464542388916,0.10050725936889648,2.5251526832580566,28.87 MMac
93,"['rerp', 'gas', 'gad', 'trgad', 'remk']",3,2,35,920072,4.094886779785156,0.1401987075805664,4.235085487365723,27.46 MMac
94,"['rerp', 'trrp', 'trgad', 'mk']",3,3,14,197670,2.689337730407715,0.1479341983795166,2.8372719287872314,6.26 MMac
95,"['rp', 'gas', 'regas', 'trgas', 'gad', 'regad', 'remk', 'trmk', 'ctwav']",2,1,55,319860,0.8616328239440918,0.07378935813903809,0.9354221820831299,28.23 MMac
96,"['rerp', 'trrp', 'gas', 'gad', 'regad', 'mk', 'remk']",2,1,94,859702,1.4724016189575195,0.062201738357543945,1.5346033573150635,69.5 MMac
97,"['rp', 'trrp', 'gas', 'regas', 'trgas', 'gad', 'trgad', 'mk', 'remk', 'trmk', 'ctwav']",2,2,32,182514,1.1645793914794922,0.1214454174041748,1.286024808883667,17.11 MMac
98,"['rerp', 'gas', 'regas', 'mk', 'trmk', 'ctwav']",2,1,19,44337,0.8069753646850586,0.049680233001708984,0.8566555976867676,4.39 MMac
99,"['rp', 'gas', 'gad']",4,3,24,2305016,11.715245246887207,0.23752450942993164,11.952769756317139,22.52 MMac
100,"['rp', 'rerp', 'regas', 'trgas', 'gad', 'trgad', 'remk', 'trmk']",2,3,70,1130518,3.9946794509887695,0.1447458267211914,4.139425277709961,92.21 MMac
101,"['rp', 'rerp', 'trrp', 'regas', 'trgas', 'gad', 'remk']",3,2,37,1027654,2.6775598526000977,0.12309145927429199,2.8006513118743896,31.39 MMac
102,"['rp', 'rerp', 'trrp', 'regas', 'trgad', 'remk']",3,2,45,1497876,6.889808177947998,0.1544649600982666,7.044273138046265,44.41 MMac
103,"['gas', 'regas', 'gad', 'trgad', 'mk', 'remk', 'trmk', 'ctwav']",2,2,86,1211268,3.2776594161987305,0.09611034393310547,3.373769760131836,98.38 MMac
104,"['rp', 'trrp', 'trgad', 'mk', 'remk', 'trmk']",2,2,85,1202840,3.504931926727295,0.08663296699523926,3.591564893722534,96.23 MMac
105,"['gas', 'trgad', 'mk']",3,1,55,1343148,4.002285003662109,0.0773472785949707,4.07963228225708,38.05 MMac
106,"['rp', 'trrp', 'regas', 'trgas', 'gad', 'trgad', 'remk', 'ctwav']",4,2,23,1668926,7.491517066955566,0.176621675491333,7.668138742446899,17.89 MMac
107,"['regas', 'regad', 'trmk', 'ctwav']",3,1,21,212296,1.280522346496582,0.07801389694213867,1.3585362434387207,6.77 MMac
108,"['rp', 'rerp', 'gas', 'regas', 'mk', 'ctwav']",2,3,40,374732,2.0762085914611816,0.1245419979095459,2.2007505893707275,31.16 MMac
109,"['rp', 'rerp', 'trrp', 'trgas', 'gad', 'regad', 'trmk', 'ctwav']",2,2,13,37920,1.366114616394043,0.09341955184936523,1.4595341682434082,3.94 MMac
110,"['trgas', 'gad', 'regad', 'mk', 'remk', 'trmk', 'ctwav']",2,2,12,28172,1.388394832611084,0.09562349319458008,1.484018325805664,2.94 MMac
111,"['rp', 'trrp', 'regas', 'trgas', 'regad', 'mk', 'trmk', 'ctwav']",2,2,12,28760,1.5493273735046387,0.10995912551879883,1.6592864990234375,3.09 MMac
112,"['rerp', 'trrp', 'regas', 'trgas', 'gad', 'regad', 'trmk', 'ctwav']",2,2,13,37920,1.4860987663269043,0.10984539985656738,1.5959441661834717,3.94 MMac
113,"['trrp', 'regas', 'trgas', 'gad', 'regad', 'mk', 'trmk']",2,2,13,37234,1.5910625457763672,0.10388636589050293,1.6949489116668701,3.77 MMac
114,"['rp', 'rerp', 'trrp', 'gas', 'regas', 'trgas', 'regad', 'mk', 'remk', 'trmk', 'ctwav']",2,2,13,39978,1.3661861419677734,0.08610391616821289,1.4522900581359863,4.47 MMac
115,"['rp', 'rerp', 'trrp', 'regas', 'trgas', 'gad', 'regad', 'mk', 'remk', 'trmk']",2,2,13,39292,1.043713092803955,0.08104348182678223,1.1247565746307373,4.29 MMac
116,"['rerp', 'gas', 'regas', 'trgas', 'regad', 'mk', 'remk', 'ctwav']",3,2,13,145440,1.6002655029296875,0.07781481742858887,1.6780803203582764,5.35 MMac
117,"['rerp', 'gas', 'regas', 'trgas', 'regad', 'mk', 'remk', 'trmk']",3,2,13,145440,1.6447782516479492,0.07757735252380371,1.722355604171753,5.35 MMac
118,"['rerp', 'gas', 'regas', 'trgas', 'regad', 'mk', 'remk', 'ctwav']",3,2,12,108008,1.686251163482666,0.07828092575073242,1.7645320892333984,4.13 MMac
119,"['rerp', 'trrp', 'gas', 'regas', 'trgas', 'mk', 'remk', 'trmk', 'ctwav']",3,2,12,108596,1.5914440155029297,0.11031937599182129,1.701763391494751,4.28 MMac
120,"['rerp', 'gas', 'regas', 'trgas', 'mk', 'remk', 'trmk', 'ctwav']",3,2,13,145440,1.5949130058288574,0.07823848724365234,1.6731514930725098,5.35 MMac
121,"['rerp', 'trrp', 'gas', 'regas', 'trgas', 'mk', 'remk', 'ctwav']",3,2,12,108008,1.5946149826049805,0.07718062400817871,1.6717956066131592,4.13 MMac
122,"['rerp', 'regas', 'trgas', 'regad', 'trgad', 'mk', 'remk', 'trmk']",3,1,13,90466,1.1452913284301758,0.06304287910461426,1.20833420753479,3.74 MMac
123,"['rerp', 'regas', 'trgas', 'regad', 'mk', 'remk', 'trmk']",2,1,13,23882,0.8096694946289062,0.05862569808959961,0.8682951927185059,2.68 MMac
124,"['rerp', 'regas', 'trgas', 'regad', 'trgad', 'mk', 'trmk']",3,1,13,89780,0.8943796157836914,0.07964754104614258,0.974027156829834,3.57 MMac
125,"['rerp', 'regas', 'trgas', 'regad', 'trgad', 'mk', 'remk', 'trmk']",2,1,13,24568,0.7973670959472656,0.06468939781188965,0.8620564937591553,2.85 MMac
126,"['rerp', 'regas', 'trgas', 'regad', 'mk', 'trmk']",2,1,13,23196,0.9135127067565918,0.06554651260375977,0.9790592193603516,2.5 MMac
127,"['rerp', 'gas', 'regad', 'trgad', 'mk', 'remk', 'ctwav']",3,2,37,1027654,3.527045249938965,0.1283571720123291,3.655402421951294,31.39 MMac
128,"['rerp', 'regas', 'trgas', 'regad', 'trgad', 'mk', 'trmk']",2,1,13,23882,0.8801460266113281,0.0730900764465332,0.9532361030578613,2.68 MMac
129,"['rerp', 'mk', 'remk', 'trmk', 'ctwav']",3,2,13,143382,2.1219372749328613,0.14340424537658691,2.2653415203094482,4.83 MMac
130,"['rerp', 'regad', 'mk', 'remk', 'trmk']",3,2,13,143382,1.9472837448120117,0.13052010536193848,2.07780385017395,4.83 MMac
131,"['rerp', 'trgas', 'regad', 'mk', 'remk', 'trmk', 'ctwav']",3,2,13,144754,2.2023677825927734,0.1516399383544922,2.3540077209472656,5.18 MMac
132,"['rerp', 'trgas', 'mk', 'remk', 'trmk']",3,2,13,143382,1.9467592239379883,0.1331777572631836,2.079936981201172,4.83 MMac
133,"['rerp', 'regas', 'trgas', 'regad', 'mk', 'remk', 'trmk', 'ctwav']",3,2,13,145440,2.0592331886291504,0.1527118682861328,2.211945056915283,5.35 MMac
134,"['rerp', 'trrp', 'gas', 'regas', 'trgas', 'mk', 'remk', 'trmk']",2,1,88,760212,1.6124486923217773,0.07940912246704102,1.6918578147888184,62.55 MMac
135,"['rerp', 'regas', 'trgas', 'gad', 'regad']",2,3,73,1250249,5.259454250335693,0.10777878761291504,5.367233037948608,99.75 MMac
136,"['rerp', 'regas', 'trgas', 'trgad', 'remk', 'ctwav']",4,1,12,259871,1.2111425399780273,0.06931090354919434,1.2804534435272217,3.3 MMac
137,"['rp', 'trgas', 'gad', 'regad', 'mk', 'ctwav']",4,2,15,745226,3.1717300415039062,0.10320472717285156,3.274934768676758,8.18 MMac
138,"['rp', 'trgas', 'mk', 'trmk']",2,1,66,422055,0.7701635360717773,0.056817054748535156,0.8269805908203125,33.65 MMac
139,"['rp', 'trrp', 'gas', 'regas', 'trgas', 'regad', 'trgad', 'remk']",3,3,14,200414,2.3908138275146484,0.19159603118896484,2.5824098587036133,6.96 MMac
140,"['rerp', 'regas', 'regad', 'mk', 'remk', 'trmk', 'ctwav']",3,2,13,144754,1.8426179885864258,0.11652016639709473,1.9591381549835205,5.18 MMac
141,"['trrp', 'trgas', 'gad', 'regad', 'trgad', 'remk', 'ctwav']",3,1,62,1656440,2.8159260749816895,0.08933043479919434,2.905256509780884,49.44 MMac
142,"['rp', 'regas', 'trgas', 'regad', 'trgad', 'mk', 'trmk', 'ctwav']",3,2,13,145440,1.9449949264526367,0.12659859657287598,2.0715935230255127,5.35 MMac
143,"['regas', 'gad', 'mk', 'remk', 'trmk']",2,3,72,1184780,3.501129150390625,0.1339433193206787,3.6350724697113037,94.6 MMac
144,"['rp', 'rerp', 'regas', 'trgas', 'gad', 'regad', 'trgad', 'mk', 'trmk', 'ctwav']",3,2,13,146812,1.9841790199279785,0.1577916145324707,2.141970634460449,5.71 MMac
145,"['trgas', 'gad', 'trgad', 'trmk', 'ctwav']",2,3,93,2007394,4.659640789031982,0.11353611946105957,4.773176908493042,158.87 MMac
146,"['regas', 'trgas', 'regad', 'mk', 'trmk', 'ctwav']",3,2,12,106832,1.965796947479248,0.14511418342590332,2.1109111309051514,3.83 MMac
147,"['rp', 'rerp', 'regas', 'trgas', 'gad', 'regad', 'mk', 'trmk', 'ctwav']",3,2,13,146126,1.8362164497375488,0.19494056701660156,2.0311570167541504,5.53 MMac
148,"['rp', 'regas', 'trgas', 'regad', 'mk', 'trmk', 'ctwav']",3,2,12,107420,2.032911777496338,0.1501774787902832,2.183089256286621,3.98 MMac
149,"['rerp', 'regas', 'trgas', 'regad', 'remk', 'trmk', 'ctwav']",3,2,13,144754,2.1453261375427246,0.1282956600189209,2.2736217975616455,5.18 MMac
150,"['rp', 'rerp', 'trrp', 'gas', 'trgas', 'gad', 'regad', 'trgad', 'trmk', 'ctwav']",3,3,30,897518,5.985879898071289,0.2274630069732666,6.213342905044556,28.49 MMac
151,"['rerp', 'regas', 'trgas', 'regad', 'mk', 'remk', 'trmk', 'ctwav']",2,1,13,24568,0.906836986541748,0.06891751289367676,0.9757544994354248,2.85 MMac
152,"['rp', 'rerp', 'trgas', 'gad', 'mk', 'remk', 'trmk', 'ctwav']",3,1,55,1356868,3.17763090133667,0.09009099006652832,3.2677218914031982,41.56 MMac
153,"['rp', 'rerp', 'regas', 'trgas', 'regad', 'mk', 'remk', 'ctwav']",3,2,12,108008,1.8522143363952637,0.11877703666687012,1.9709913730621338,4.13 MMac
154,"['trgas', 'gad', 'mk', 'remk', 'trmk', 'ctwav']",2,3,55,724432,2.953815460205078,0.1074974536895752,3.0613129138946533,58.95 MMac
155,"['rerp', 'trgas', 'gad', 'regad', 'mk', 'remk', 'trmk', 'ctwav']",2,2,26,119718,1.3610601425170898,0.09688091278076172,1.4579410552978516,11.06 MMac
156,"['rerp', 'regas', 'gad', 'regad', 'trgad', 'mk', 'trmk', 'ctwav']",2,3,55,729920,3.4247398376464844,0.1327369213104248,3.557476758956909,60.36 MMac
157,"['gas', 'regas', 'regad', 'mk', 'remk', 'ctwav']",2,1,55,311628,0.718379020690918,0.07599067687988281,0.7943696975708008,26.12 MMac
158,"['rerp', 'regas', 'trgas', 'regad', 'mk', 'remk']",3,2,55,2213486,5.65645694732666,0.14670133590698242,5.803158283233643,64.71 MMac
159,"['regas', 'regad', 'mk', 'remk', 'trmk']",4,1,25,1199817,3.3606529235839844,0.1317152976989746,3.492368221282959,12.59 MMac
160,"['trrp', 'trgas', 'gad', 'trgad', 'remk', 'trmk', 'ctwav']",3,1,65,1874979,3.0941247940063477,0.08597922325134277,3.1801040172576904,55.61 MMac
161,"['rerp', 'regas', 'trgas', 'mk', 'remk', 'trmk', 'ctwav']",3,2,13,144754,2.2811055183410645,0.1423947811126709,2.4235002994537354,5.18 MMac
162,"['rerp', 'regas', 'trgas', 'trgad', 'mk', 'remk', 'trmk', 'ctwav']",3,2,13,145440,2.037358283996582,0.1184234619140625,2.1557817459106445,5.35 MMac
163,"['rp', 'regas', 'regad', 'remk', 'trmk']",2,2,89,1311256,4.146337509155273,0.10449838638305664,4.25083589553833,103.88 MMac
164,"['rp', 'gas', 'gad', 'regad', 'trgad', 'ctwav']",2,1,55,311628,1.06048583984375,0.10362792015075684,1.1641137599945068,26.12 MMac
165,"['rp', 'regas', 'gad', 'regad', 'trgad', 'ctwav']",2,1,55,311628,0.805056095123291,0.08101701736450195,0.886073112487793,26.12 MMac
166,"['rp', 'trrp', 'gas', 'trgas', 'gad', 'regad', 'remk']",2,2,55,520774,2.520298957824707,0.09633541107177734,2.6166343688964844,43.24 MMac
167,"['rp', 'trrp', 'gas', 'regas', 'gad', 'regad', 'remk']",2,2,55,520774,2.231121063232422,0.11076116561889648,2.3418822288513184,43.24 MMac
168,"['rp', 'trrp', 'gas', 'trgas', 'trgad', 'mk', 'remk', 'trmk']",2,2,91,1383360,3.1469106674194336,0.09642219543457031,3.243332862854004,111.86 MMac
169,"['rerp', 'regas', 'trgas', 'regad', 'mk', 'remk', 'trmk', 'ctwav']",3,2,12,108008,1.9377827644348145,0.12370014190673828,2.0614829063415527,4.13 MMac
170,"['rp', 'rerp', 'trrp', 'regas', 'trgas', 'gad', 'trgad', 'mk', 'trmk']",2,1,14,25254,0.8467435836791992,0.0787050724029541,0.9254486560821533,3.03 MMac
171,"['rerp', 'trrp', 'trgas', 'gad', 'trgad', 'ctwav']",2,3,70,1123658,2.2647619247436523,0.08193421363830566,2.346696138381958,90.45 MMac
172,"['rp', 'rerp', 'regas', 'gad', 'regad', 'trgad', 'mk', 'remk']",2,2,12,28760,1.105797290802002,0.0572054386138916,1.1630027294158936,3.09 MMac
173,"['rp', 'rerp', 'regas', 'gad', 'regad', 'trgad', 'mk', 'remk']",2,1,12,18851,0.695502758026123,0.04333662986755371,0.7388393878936768,2.28 MMac
174,"['rp', 'trgas', 'gad', 'regad', 'trgad', 'remk', 'ctwav']",3,1,12,66827,1.0036110877990723,0.05476856231689453,1.0583796501159668,2.79 MMac
175,"['rerp', 'regas', 'trgas', 'regad', 'mk', 'trmk', 'ctwav']",3,2,13,144754,1.8291592597961426,0.08956336975097656,1.9187226295471191,5.18 MMac
176,"['rp', 'rerp', 'trgas', 'trgad', 'mk']",4,2,12,421148,2.127659320831299,0.09698605537414551,2.2246453762054443,4.73 MMac
177,"['rp', 'rerp', 'trrp', 'gas', 'trgas', 'gad', 'trmk']",3,1,22,215530,0.907135009765625,0.061719655990600586,0.9688546657562256,7.6 MMac
178,"['rp', 'trrp', 'trgas', 'mk', 'ctwav']",3,1,40,692592,1.7853021621704102,0.06154799461364746,1.8468501567840576,20.95 MMac
179,"['regas', 'trgas', 'regad', 'mk', 'remk', 'trmk', 'ctwav']",3,2,13,144754,1.6719579696655273,0.07778573036193848,1.7497437000274658,5.18 MMac
180,"['rp', 'rerp', 'trrp', 'regas', 'gad', 'trgad', 'mk', 'trmk']",3,1,14,90466,1.0433673858642578,0.05639767646789551,1.0997650623321533,3.74 MMac
181,"['rp', 'trrp', 'regas', 'gad', 'trgad', 'mk', 'remk', 'trmk']",3,1,14,90466,1.0400772094726562,0.056687116622924805,1.096764326095581,3.74 MMac
182,"['rp', 'trrp', 'gas', 'trgas', 'gad', 'regad', 'mk', 'remk', 'trmk', 'ctwav']",2,3,92,1946745,2.8906702995300293,0.10496354103088379,2.995633840560913,158.11 MMac
183,"['rp', 'trrp', 'regas', 'gad', 'mk', 'remk']",3,1,14,89094,1.018846035003662,0.057999372482299805,1.076845407485962,3.39 MMac
184,"['trrp', 'gas', 'regas', 'trgas', 'gad', 'regad', 'trgad', 'mk', 'remk', 'ctwav']",2,1,21,57130,0.6551861763000488,0.06209087371826172,0.7172770500183105,6.24 MMac
185,"['rerp', 'trrp', 'gas', 'regas', 'regad', 'trgad', 'mk', 'remk', 'trmk']",3,2,13,146126,1.6863226890563965,0.10877490043640137,1.7950975894927979,5.53 MMac
186,"['rp', 'trrp', 'gas', 'regas', 'gad', 'trgad', 'mk', 'remk', 'ctwav']",3,1,14,91152,1.0087013244628906,0.07036018371582031,1.079061508178711,3.92 MMac
187,"['rerp', 'regas', 'trgas', 'regad', 'trgad', 'mk', 'remk', 'ctwav']",2,2,13,37920,1.1386632919311523,0.058359622955322266,1.1970229148864746,3.94 MMac
188,"['rerp', 'regas', 'trgas', 'regad', 'trgad', 'mk', 'remk', 'trmk', 'ctwav']",2,2,13,38606,1.118934154510498,0.0790262222290039,1.197960376739502,4.12 MMac
189,"['trrp', 'gas', 'trgas', 'gad', 'regad', 'trmk']",3,2,20,289412,1.6848325729370117,0.07673859596252441,1.7615711688995361,9.43 MMac
190,"['rp', 'rerp', 'trrp', 'trgas', 'gad', 'regad', 'trgad', 'mk', 'trmk']",2,1,14,25254,1.023399829864502,0.07195425033569336,1.0953540802001953,3.03 MMac
191,"['rerp', 'trgad', 'mk']",2,1,46,206346,0.6339907646179199,0.055675506591796875,0.6896662712097168,16.57 MMac
192,"['rerp', 'trrp', 'regas', 'trgas', 'gad', 'regad', 'mk', 'remk', 'trmk', 'ctwav']",3,2,13,146812,1.8718361854553223,0.14049601554870605,2.0123322010040283,5.71 MMac
193,"['rerp', 'trrp', 'regas', 'trgas', 'regad', 'mk', 'remk', 'trmk', 'ctwav']",3,2,13,146126,1.909172534942627,0.143599271774292,2.052771806716919,5.53 MMac
194,"['rerp', 'regas', 'trgas', 'regad', 'mk', 'remk', 'trmk', 'ctwav']",3,2,14,145440,2.2159337997436523,0.15359258651733398,2.3695263862609863,5.35 MMac
195,"['rerp', 'gas', 'regas', 'trgas', 'regad', 'mk', 'remk', 'trmk', 'ctwav']",3,1,13,91152,0.9377717971801758,0.11575770378112793,1.0535295009613037,3.92 MMac
196,"['rerp', 'regas', 'trgas', 'regad', 'trgad', 'mk', 'remk', 'trmk', 'ctwav']",3,2,13,146126,1.9956707954406738,0.1662747859954834,2.1619455814361572,5.53 MMac
197,"['rp', 'regas', 'trgas', 'gad', 'trgad', 'mk', 'trmk']",2,2,14,37234,1.3480186462402344,0.10119771957397461,1.449216365814209,3.77 MMac
198,"['rp', 'regas', 'trgas', 'gad', 'regad', 'trgad']",2,2,14,36548,1.3419747352600098,0.10152459144592285,1.4434993267059326,3.59 MMac
199,"['gas', 'gad', 'mk', 'remk', 'trmk']",2,1,59,353267,0.6904482841491699,0.0747537612915039,0.7652020454406738,28.88 MMac
200,"['trrp', 'gas', 'regas', 'gad', 'regad', 'trmk', 'ctwav']",2,3,60,832637,3.012394905090332,0.1317274570465088,3.144122362136841,68.02 MMac
201,"['rp', 'rerp', 'gas', 'trgas', 'regad', 'trgad', 'mk']",2,2,86,1207054,3.2982945442199707,0.08747696876525879,3.3857715129852295,97.3 MMac
202,"['rp', 'trrp', 'regas', 'trgas', 'regad', 'remk', 'ctwav']",2,1,19,45317,0.8228302001953125,0.05980992317199707,0.8826401233673096,4.64 MMac
203,"['rp', 'gas', 'regas', 'remk', 'trmk', 'ctwav']",3,2,19,289412,1.835012435913086,0.11987733840942383,1.9548897743225098,9.43 MMac
204,"['rerp', 'regas', 'regad', 'trgad', 'mk', 'remk', 'trmk', 'ctwav']",2,2,13,37920,1.1835336685180664,0.08775115013122559,1.271284818649292,3.94 MMac
205,"['rp', 'rerp', 'trrp', 'regas', 'trgas', 'gad', 'trgad', 'mk']",2,2,14,37920,1.3715744018554688,0.09141874313354492,1.4629931449890137,3.94 MMac
206,"['rp', 'rerp', 'trrp', 'regas', 'trgas', 'gad', 'trgad', 'mk']",2,3,13,51272,1.9357562065124512,0.13637208938598633,2.0721282958984375,5.03 MMac
207,"['rp', 'rerp', 'trrp', 'regas', 'trgas', 'gad', 'mk', 'trmk', 'ctwav']",2,1,14,25254,0.7838129997253418,0.07953190803527832,0.8633449077606201,3.03 MMac
208,"['rp', 'rerp', 'trrp', 'regas', 'trgas', 'trgad', 'mk', 'remk', 'trmk', 'ctwav']",4,1,32,1821178,4.763960838317871,0.16264033317565918,4.92660117149353,20.54 MMac
209,"['rp', 'rerp', 'trrp', 'regas', 'trgas', 'gad', 'mk', 'remk', 'trmk', 'ctwav']",2,1,14,25940,0.637054443359375,0.07872915267944336,0.7157835960388184,3.2 MMac
210,"['rp', 'rerp', 'gas', 'regas', 'trgas', 'remk', 'ctwav']",3,2,12,107420,1.8435239791870117,0.127671480178833,1.9711954593658447,3.98 MMac
211,"['regas', 'trgas', 'regad', 'mk', 'remk', 'trmk']",2,2,55,518030,2.4551868438720703,0.10108375549316406,2.5562705993652344,42.54 MMac
212,"['rp', 'rerp', 'trrp', 'regas', 'gad', 'regad', 'trgad', 'mk', 'remk']",2,3,64,951506,2.435159683227539,0.10209798812866211,2.537257671356201,78.54 MMac
213,"['trgas', 'gad', 'regad', 'remk', 'trmk']",2,2,36,217496,1.1605501174926758,0.05517888069152832,1.215728998184204,18.27 MMac
214,"['rp', 'trrp', 'regas', 'mk']",2,1,14,21824,0.4925251007080078,0.037221431732177734,0.5297465324401855,2.15 MMac
215,"['rp', 'gas', 'regas', 'trgas', 'regad', 'trgad', 'remk', 'ctwav']",3,2,55,2218974,5.952179431915283,0.13051414489746094,6.082693576812744,66.11 MMac
216,"['rp', 'rerp', 'trrp', 'trgas', 'gad', 'trgad', 'trmk', 'ctwav']",3,2,13,145440,2.1332144737243652,0.15384364128112793,2.287058115005493,5.35 MMac
217,"['rp', 'regas', 'trgas', 'gad', 'regad', 'mk', 'remk', 'trmk', 'ctwav']",2,1,37,153360,0.7868766784667969,0.07215046882629395,0.8590271472930908,14.47 MMac
218,"['rerp', 'trgas', 'regad', 'trgad', 'mk', 'remk', 'trmk', 'ctwav']",2,1,38,151498,0.8730769157409668,0.06472635269165039,0.9378032684326172,13.99 MMac
219,"['rp', 'regas', 'trgas', 'gad', 'trgad', 'remk', 'ctwav']",2,2,94,1438154,2.8960347175598145,0.07420063018798828,2.9702353477478027,115.36 MMac
220,"['rp', 'rerp', 'regas', 'trgas', 'regad', 'mk', 'remk', 'trmk', 'ctwav']",3,2,12,108596,1.5088438987731934,0.13937783241271973,1.648221731185913,4.28 MMac
221,"['rp', 'rerp', 'trrp', 'trgas', 'gad', 'regad', 'trgad', 'remk', 'trmk']",3,3,14,201100,2.544403076171875,0.19766950607299805,2.742072582244873,7.14 MMac
222,"['rp', 'trrp', 'gas', 'gad', 'trgad', 'remk', 'trmk']",3,1,39,696512,2.191948890686035,0.09060955047607422,2.2825584411621094,21.95 MMac
223,"['rp', 'rerp', 'trrp', 'regas', 'trgas', 'gad', 'trgad', 'trmk']",2,1,14,24568,0.9096384048461914,0.07568931579589844,0.9853277206420898,2.85 MMac
224,"['regas', 'trgas', 'mk', 'remk', 'trmk', 'ctwav']",2,1,16,29518,0.8923172950744629,0.07201051712036133,0.9643278121948242,3.08 MMac
225,"['rp', 'trrp', 'gas', 'regas', 'trgas', 'regad', 'mk', 'ctwav']",4,2,13,573364,5.055689811706543,0.17366909980773926,5.229358911514282,6.78 MMac
226,"['rp', 'rerp', 'trrp', 'gas', 'ctwav']",2,2,49,412476,1.3176918029785156,0.10272812843322754,1.4204199314117432,33.76 MMac
227,"['rp', 'rerp', 'gas', 'regas', 'trgas', 'gad', 'trgad', 'mk', 'trmk']",2,1,14,25254,0.9155869483947754,0.09336161613464355,1.008948564529419,3.03 MMac
228,"['rp', 'trrp', 'gas', 'regas', 'gad', 'trmk']",2,3,20,98167,1.9554376602172852,0.13086771965026855,2.0863053798675537,8.74 MMac
229,"['rp', 'rerp', 'regas', 'mk', 'remk', 'ctwav']",3,2,12,106832,2.202749252319336,0.1575028896331787,2.3602521419525146,3.83 MMac
230,"['rerp', 'trrp', 'regas', 'trgas', 'gad', 'regad', 'ctwav']",2,3,50,582063,4.313921928405762,0.14195942878723145,4.455881357192993,48.13 MMac
231,"['trrp', 'gas', 'trgas', 'remk', 'trmk', 'ctwav']",2,2,59,592952,2.931809425354004,0.10814881324768066,3.0399582386016846,48.45 MMac
232,"['rp', 'trrp', 'regas', 'gad', 'regad', 'trmk', 'ctwav']",2,1,55,314372,0.9088873863220215,0.06922483444213867,0.9781122207641602,26.82 MMac
233,"['rp', 'rerp', 'trrp', 'gas', 'regas', 'trgas', 'regad', 'trgad', 'mk', 'remk', 'trmk', 'ctwav']",2,3,91,1955761,4.93168830871582,0.18938732147216797,5.121075630187988,160.42 MMac
234,"['rp', 'trrp', 'regas', 'gad', 'regad', 'trgad', 'mk', 'trmk', 'ctwav']",2,1,55,319860,0.6651759147644043,0.12557697296142578,0.7907528877258301,28.23 MMac
235,"['rp', 'rerp', 'trrp', 'regas', 'trgas', 'gad', 'trgad', 'mk', 'remk', 'trmk', 'ctwav']",2,1,14,26626,0.6236553192138672,0.07798385620117188,0.7016391754150391,3.38 MMac
236,"['rp', 'gas', 'mk', 'remk', 'trmk', 'ctwav']",4,3,13,791746,4.453539848327637,0.20291352272033691,4.656453371047974,8.56 MMac
237,"['rp', 'gad', 'trgad', 'remk']",3,1,37,623876,2.3407936096191406,0.07909131050109863,2.4198849201202393,18.56 MMac
238,"['rp', 'rerp', 'gas', 'regas', 'trgas', 'gad', 'regad', 'trmk', 'ctwav']",3,1,60,1558247,2.9691696166992188,0.1054835319519043,3.074653148651123,47.99 MMac
239,"['rerp', 'trrp', 'regas', 'trgas', 'gad', 'trgad', 'mk', 'trmk']",2,1,14,24568,0.8172988891601562,0.06565523147583008,0.8829541206359863,2.85 MMac
240,"['rp', 'rerp', 'gas', 'regas', 'trgas', 'gad', 'regad', 'remk', 'trmk', 'ctwav']",2,1,54,300930,0.7154941558837891,0.0916285514831543,0.8071227073669434,27.16 MMac
241,"['rerp', 'regas', 'trgas', 'gad', 'regad', 'mk', 'remk', 'trmk']",3,2,56,2218974,4.639899730682373,0.13342666625976562,4.773326396942139,66.11 MMac
242,"['rerp', 'gas', 'regas', 'trgas', 'trgad', 'mk']",4,2,26,1953966,6.109750270843506,0.1617870330810547,6.2715373039245605,20.09 MMac
243,"['rp', 'gas', 'regas', 'regad', 'mk', 'remk']",2,1,37,147774,0.8755922317504883,0.06177377700805664,0.9373660087585449,13.04 MMac
244,"['rp', 'rerp', 'trrp', 'regas', 'gad', 'trgad', 'mk', 'trmk']",2,1,14,24568,0.711822509765625,0.06296586990356445,0.7747883796691895,2.85 MMac
245,"['rp', 'regas', 'regad']",3,2,12,105068,2.049708366394043,0.13804268836975098,2.187751054763794,3.38 MMac
246,"['rerp', 'trrp', 'gas', 'regas', 'gad', 'trgad', 'mk', 'remk', 'trmk', 'ctwav']",2,2,55,529006,1.9647598266601562,0.12927818298339844,2.0940380096435547,45.35 MMac
247,"['regas', 'trgas', 'gad', 'regad', 'trgad', 'remk']",2,2,35,219260,1.3867855072021484,0.09275698661804199,1.4795424938201904,18.72 MMac
248,"['rp', 'regas', 'trgad', 'mk', 'trmk', 'ctwav']",3,1,55,1351380,2.670764923095703,0.057767629623413086,2.728532552719116,40.15 MMac
249,"['rerp', 'trrp', 'gas', 'regas', 'trgas', 'gad', 'mk']",2,3,67,1064967,2.899646759033203,0.11227560043334961,3.0119223594665527,86.39 MMac
250,"['rp', 'rerp', 'trrp', 'regas', 'trgas', 'trgad', 'mk', 'trmk', 'ctwav']",2,1,14,25254,0.6859779357910156,0.059198617935180664,0.7451765537261963,3.03 MMac
251,"['rp', 'rerp', 'trrp', 'regas', 'trgas', 'trgad', 'mk', 'trmk']",2,1,12,18851,0.7149457931518555,0.045510053634643555,0.760455846786499,2.28 MMac
252,"['trrp', 'regas', 'gad', 'mk', 'remk']",3,2,14,143382,1.7142176628112793,0.07597041130065918,1.7901880741119385,4.83 MMac
253,"['rp', 'trrp', 'regas', 'trgas', 'trgad', 'mk', 'remk']",2,2,84,1152776,2.00345516204834,0.06536507606506348,2.0688202381134033,93.03 MMac
254,"['rp', 'gad', 'regad', 'trgad', 'mk', 'remk', 'trmk']",2,1,85,722552,1.3099908828735352,0.048696279525756836,1.358687162399292,58.87 MMac
255,"['rp', 'trrp', 'gas', 'trgas', 'gad', 'trgad', 'mk', 'trmk', 'ctwav']",2,1,16,31870,0.6795048713684082,0.0718681812286377,0.7513730525970459,3.68 MMac
256,"['rp', 'gas', 'trgad', 'ctwav']",3,1,31,444218,0.8036971092224121,0.05834317207336426,0.8620402812957764,13.46 MMac
257,"['rp', 'rerp', 'trrp', 'regas', 'trgas', 'regad', 'trgad', 'mk']",3,1,14,90466,1.0918498039245605,0.058301448822021484,1.150151252746582,3.74 MMac
258,"['rerp', 'gas', 'regas', 'trgas', 'regad', 'mk', 'remk', 'trmk', 'ctwav']",3,2,13,146126,1.5901565551757812,0.11026763916015625,1.7004241943359375,5.53 MMac
259,"['rerp', 'regas', 'trgas', 'regad', 'trgad', 'mk', 'remk']",3,3,13,199728,1.5342950820922852,0.1009056568145752,1.6352007389068604,6.79 MMac
260,"['rerp', 'regas', 'trgas', 'regad', 'trgad', 'mk', 'remk', 'trmk']",3,2,13,145440,1.8137335777282715,0.08112430572509766,1.8948578834533691,5.35 MMac
261,"['rp', 'rerp', 'regas', 'regad', 'mk', 'remk', 'ctwav']",3,2,12,107420,1.5821099281311035,0.07869601249694824,1.6608059406280518,3.98 MMac
262,"['gas', 'regas', 'trgas', 'regad', 'mk', 'trmk']",2,2,25,117170,1.2153029441833496,0.05837297439575195,1.2736759185791016,10.41 MMac
263,"['rerp', 'gas', 'regas', 'trgas', 'gad', 'regad', 'mk', 'remk']",2,2,25,119718,0.8576393127441406,0.08707165718078613,0.9447109699249268,11.06 MMac
264,"['gas', 'regas', 'gad', 'regad', 'mk', 'remk']",2,2,23,100670,1.029062271118164,0.08275747299194336,1.1118197441101074,9.03 MMac
265,"['rp', 'rerp', 'trrp', 'regas', 'trgas', 'gad', 'trgad', 'mk', 'trmk']",2,1,15,31870,0.7714629173278809,0.07079052925109863,0.8422534465789795,3.68 MMac
266,"['rerp', 'trrp', 'gas', 'gad', 'ctwav']",2,1,16,28734,0.8040904998779297,0.05684852600097656,0.8609390258789062,2.88 MMac
267,"['rp', 'rerp', 'trrp', 'regas', 'trgas', 'gad', 'trgad', 'mk', 'trmk']",3,1,14,91152,1.0026812553405762,0.0934438705444336,1.0961251258850098,3.92 MMac
268,"['gas', 'regas', 'trgas']",2,2,25,113348,1.0149002075195312,0.05485129356384277,1.069751501083374,9.43 MMac
269,"['rp', 'rerp', 'regas', 'trgas', 'gad', 'regad', 'trgad', 'remk', 'trmk', 'ctwav']",2,3,55,735408,3.4064531326293945,0.10423827171325684,3.5106914043426514,61.76 MMac
270,"['rp', 'rerp', 'gas', 'regas', 'gad', 'regad', 'trgad', 'remk', 'trmk', 'ctwav']",2,3,55,735408,1.8770456314086914,0.26058030128479004,2.1376259326934814,61.76 MMac
271,"['gas', 'regas', 'regad', 'trgad', 'mk']",2,3,47,532958,2.4903297424316406,0.10124325752258301,2.5915729999542236,43.36 MMac
272,"['rp', 'trgas', 'regad', 'mk', 'trmk']",2,1,25,70819,1.0445952415466309,0.08040952682495117,1.125004768371582,6.46 MMac
273,"['rp', 'gas', 'regas', 'trgas', 'regad', 'mk', 'trmk']",2,2,25,118444,1.3749361038208008,0.13529300689697266,1.5102291107177734,10.73 MMac
274,"['rp', 'gas', 'regad', 'mk', 'trmk']",2,2,25,115896,1.499330997467041,0.09961128234863281,1.5989422798156738,10.08 MMac
275,"['rp', 'trgas', 'regad', 'mk', 'remk', 'ctwav']",3,2,12,106832,1.8072843551635742,0.1506669521331787,1.957951307296753,3.83 MMac
276,"['gas', 'regas', 'regad', 'mk', 'trmk']",2,2,25,115896,1.455235481262207,0.10690069198608398,1.562136173248291,10.08 MMac
277,"['gas', 'regas', 'regad', 'trgad', 'mk', 'trmk']",2,2,25,117170,1.4592885971069336,0.10660123825073242,1.565889835357666,10.41 MMac
278,"['rp', 'rerp', 'regas', 'trgas', 'regad', 'mk', 'remk']",3,1,12,66827,1.3045787811279297,0.09110522270202637,1.395684003829956,2.79 MMac
279,"['rerp', 'regas', 'regad', 'mk', 'remk', 'trmk']",3,2,14,144068,1.987922191619873,0.12674522399902344,2.1146674156188965,5.0 MMac
280,"['rp', 'trrp', 'gas', 'regad']",2,3,18,78449,1.8175482749938965,0.11246538162231445,1.930013656616211,6.8 MMac
281,"['rerp', 'gas', 'regas', 'trmk']",2,2,55,512542,2.0557403564453125,0.08324885368347168,2.138989210128784,41.13 MMac
282,"['rerp', 'gas', 'regas', 'gad', 'trmk']",2,2,55,515286,2.243804931640625,0.0896749496459961,2.333479881286621,41.83 MMac
283,"['gas', 'regas', 'trgas', 'gad', 'remk', 'trmk']",2,1,55,311628,0.6749868392944336,0.06369948387145996,0.7386863231658936,26.12 MMac
284,"['gas', 'trgas', 'regad', 'mk', 'trmk']",2,2,25,115896,1.503300666809082,0.10713362693786621,1.6104342937469482,10.08 MMac
285,"['rerp', 'gas', 'gad', 'regad', 'trgad', 'trmk']",2,3,34,272825,1.8956184387207031,0.11131548881530762,2.0069339275360107,23.0 MMac
286,"['rp', 'rerp', 'regas', 'trgas', 'gad', 'regad', 'mk', 'remk', 'ctwav']",3,2,12,108596,1.6608119010925293,0.17737507820129395,1.8381869792938232,4.28 MMac
287,"['trrp', 'regas', 'gad', 'ctwav']",2,3,85,1678914,2.9148101806640625,0.08512425422668457,2.999934434890747,132.5 MMac
288,"['regas', 'trgas', 'trgad', 'mk', 'remk', 'ctwav']",2,1,78,593484,1.0624885559082031,0.043810129165649414,1.1062986850738525,48.14 MMac
289,"['rp', 'rerp', 'trrp', 'regas', 'trgas', 'gad', 'trgad', 'mk']",2,1,14,24568,0.7045507431030273,0.043088436126708984,0.7476391792297363,2.85 MMac
290,"['rp', 'rerp', 'trrp', 'trgas', 'gad', 'trgad', 'mk']",2,1,14,23882,0.8752107620239258,0.06062793731689453,0.9358386993408203,2.68 MMac
291,"['gas', 'regas', 'trgas', 'mk', 'trmk']",2,3,24,138032,1.5349030494689941,0.06787562370300293,1.602778673171997,11.83 MMac
292,"['gas', 'regas', 'trgas', 'mk', 'trmk']",2,2,21,84162,1.1336684226989746,0.055136919021606445,1.188805341720581,7.47 MMac
293,"['rerp', 'trrp', 'gas', 'regas', 'trgas', 'gad', 'trgad', 'mk', 'trmk']",2,1,14,25254,0.648653507232666,0.05858349800109863,0.7072370052337646,3.03 MMac
294,"['rerp', 'regas', 'trgas', 'gad', 'regad', 'mk', 'remk', 'ctwav']",3,2,35,925364,2.8847217559814453,0.08441829681396484,2.96914005279541,28.82 MMac
295,"['rerp', 'trrp', 'gas', 'regas', 'trgas', 'gad', 'trgad', 'ctwav']",2,1,12,18851,0.7032871246337891,0.043465614318847656,0.7467527389526367,2.28 MMac
296,"['trrp', 'gas', 'regas', 'trgas', 'regad', 'mk', 'trmk']",2,2,25,118444,1.1385202407836914,0.05812525749206543,1.1966454982757568,10.73 MMac
297,"['trrp', 'gas', 'regas', 'trgas', 'gad', 'regad', 'mk', 'trmk']",2,2,25,119718,1.1491179466247559,0.060971736907958984,1.2100896835327148,11.06 MMac
298,"['rp', 'trgas', 'gad', 'trgad', 'mk', 'remk']",2,2,42,295450,1.1120319366455078,0.08291268348693848,1.1949446201324463,24.86 MMac
299,"['rerp', 'trrp', 'gas', 'regas', 'trgas', 'regad', 'trmk']",2,3,47,537662,3.077054023742676,0.11577272415161133,3.192826747894287,44.57 MMac
300,"['rerp', 'trrp', 'regas', 'trgas', 'gad', 'regad', 'trgad', 'trmk']",2,2,25,119718,1.3881683349609375,0.09159326553344727,1.4797616004943848,11.06 MMac
301,"['rerp', 'gas', 'trgas', 'regad', 'mk', 'ctwav']",3,3,46,2080362,6.219649314880371,0.15859246253967285,6.378241777420044,61.04 MMac
302,"['rerp', 'trrp', 'gas', 'trgas', 'gad', 'trgad', 'ctwav']",2,1,87,755900,1.2801170349121094,0.07248449325561523,1.3526015281677246,61.45 MMac
303,"['rerp', 'trrp', 'gad', 'regad', 'trgad', 'mk', 'ctwav']",2,2,53,484894,1.4693021774291992,0.10276412963867188,1.572066307067871,40.4 MMac
304,"['rp', 'rerp', 'gas', 'regad', 'mk', 'remk']",3,3,39,1576692,8.066010475158691,0.1756901741027832,8.241700649261475,46.67 MMac
305,"['rp', 'regas', 'trgas', 'gad', 'remk', 'trmk', 'ctwav']",2,2,14,37234,1.3228893280029297,0.09108948707580566,1.4139788150787354,3.77 MMac
306,"['rp', 'rerp', 'trrp', 'regas', 'trgas', 'gad', 'mk', 'trmk']",2,1,14,24568,0.9200215339660645,0.06507682800292969,0.9850983619689941,2.85 MMac
307,"['rerp', 'gas', 'regas', 'trgas', 'regad', 'trmk']",2,2,25,117170,1.577293872833252,0.1130373477935791,1.690331220626831,10.41 MMac
308,"['rp', 'gas', 'regas', 'trgad', 'mk', 'trmk', 'ctwav']",2,2,25,118444,1.6242027282714844,0.12144327163696289,1.7456459999084473,10.73 MMac
309,"['regas', 'trgas', 'regad', 'trgad', 'mk', 'remk', 'ctwav']",2,2,21,86318,1.4027118682861328,0.10948920249938965,1.5122010707855225,8.03 MMac
310,"['rp', 'rerp', 'gas', 'regas', 'trgas', 'regad', 'mk', 'remk', 'ctwav']",3,2,12,108596,1.770031452178955,0.1840975284576416,1.9541289806365967,4.28 MMac
311,"['trgas', 'regad', 'trgad', 'ctwav']",3,2,42,1246582,5.076956748962402,0.14756107330322266,5.224517822265625,36.3 MMac
312,"['rerp', 'gas', 'regas', 'trgas', 'gad', 'regad', 'trmk']",2,2,50,417376,1.141202449798584,0.08989596366882324,1.2310984134674072,35.01 MMac
313,"['rerp', 'gas', 'regas', 'trgas', 'regad', 'trgad', 'ctwav']",2,3,55,727176,3.984689712524414,0.13440465927124023,4.119094371795654,59.65 MMac
314,"['rp', 'rerp', 'trrp', 'regas', 'gad', 'mk']",2,1,68,454293,0.916588306427002,0.08564472198486328,1.0022330284118652,37.31 MMac
315,"['rerp', 'trgas', 'gad', 'trgad', 'mk', 'remk', 'trmk', 'ctwav']",2,3,29,216908,1.7097234725952148,0.16015219688415527,1.8698756694793701,18.99 MMac
316,"['rp', 'gas', 'gad']",4,3,24,2305016,11.773467063903809,0.2105097770690918,11.9839768409729,22.52 MMac
317,"['rerp', 'regas', 'trgas', 'regad', 'mk', 'remk', 'trmk', 'ctwav']",3,2,13,145440,2.068185806274414,0.131089448928833,2.199275255203247,5.35 MMac
